Zone,Year,1,2,3,4,5,6,7,8,9,10,11,12,13,14,15,16,17,18,19,20,21,22,23,24,25,26,27,28,29
1,1974,0.000,0.000,0.000,0.000,0.000,0.000,0.000,0.000,0.000,0.000,0.000,0.000,0.000,0.000,0.000,0.000,0.000,0.000,0.000,0.000,0.000,0.000,0.000,0.000,0.000,0.000,0.000,0.000,0.000
1,1975,0.000,0.000,0.000,0.162,0.079,0.000,0.003,0.016,0.034,0.043,0.033,0.038,0.060,0.045,0.054,0.054,0.054,0.054,0.054,0.054,0.054,0.054,0.054,0.054,0.054,0.054,0.054,0.054,0.054
1,1976,0.000,0.000,0.000,0.000,0.001,0.001,0.001,0.005,0.015,0.028,0.047,0.066,0.112,0.079,0.071,0.071,0.071,0.071,0.071,0.071,0.071,0.071,0.071,0.071,0.071,0.071,0.071,0.071,0.071
1,1977,0.000,0.000,0.000,0.000,0.000,0.014,0.011,0.010,0.016,0.020,0.026,0.038,0.082,0.111,0.113,0.112,0.112,0.112,0.112,0.112,0.112,0.112,0.112,0.112,0.112,0.112,0.112,0.112,0.112
1,1978,0.000,0.000,0.000,0.000,0.000,0.001,0.001,0.000,0.005,0.012,0.038,0.035,0.082,0.059,0.125,0.126,0.126,0.126,0.126,0.126,0.126,0.126,0.126,0.126,0.126,0.126,0.126,0.126,0.126
1,1979,0.000,0.000,0.000,0.000,0.002,0.001,0.000,0.000,0.003,0.013,0.060,0.149,0.155,0.128,0.136,0.137,0.137,0.137,0.137,0.137,0.137,0.137,0.137,0.137,0.137,0.137,0.137,0.137,0.137
1,1980,0.000,0.000,0.000,0.000,0.000,0.000,0.000,0.000,0.001,0.003,0.020,0.057,0.121,0.126,0.146,0.151,0.151,0.151,0.151,0.151,0.151,0.151,0.151,0.151,0.151,0.151,0.151,0.151,0.151
1,1981,0.000,0.000,0.000,0.000,0.001,0.001,0.000,0.006,0.019,0.017,0.037,0.100,0.162,0.264,0.175,0.175,0.175,0.175,0.175,0.175,0.175,0.175,0.175,0.175,0.175,0.175,0.175,0.175,0.175
1,1982,0.000,0.000,0.000,0.000,0.000,0.000,0.000,0.000,0.000,0.000,0.000,0.000,0.000,0.000,0.000,0.000,0.000,0.000,0.000,0.000,0.000,0.000,0.000,0.000,0.000,0.000,0.000,0.000,0.000
1,1983,0.000,0.000,0.000,0.000,0.000,0.000,0.000,0.000,0.000,0.000,0.000,0.000,0.000,0.000,0.000,0.000,0.000,0.000,0.000,0.000,0.000,0.000,0.000,0.000,0.000,0.000,0.000,0.000,0.000
1,1984,0.000,0.000,0.000,0.000,0.000,0.000,0.000,0.000,0.000,0.000,0.000,0.000,0.000,0.000,0.000,0.000,0.000,0.000,0.000,0.000,0.000,0.000,0.000,0.000,0.000,0.000,0.000,0.000,0.000
1,1985,0.000,0.000,0.000,0.000,0.000,0.000,0.000,0.000,0.000,0.000,0.000,0.000,0.000,0.000,0.000,0.000,0.000,0.000,0.000,0.000,0.000,0.000,0.000,0.000,0.000,0.000,0.000,0.000,0.000
1,1986,0.000,0.000,0.000,0.000,0.000,0.000,0.000,0.000,0.000,0.000,0.000,0.000,0.000,0.000,0.000,0.000,0.000,0.000,0.000,0.000,0.000,0.000,0.000,0.000,0.000,0.000,0.000,0.000,0.000
1,1987,0.000,0.000,0.000,0.000,0.000,0.000,0.000,0.000,0.000,0.000,0.000,0.000,0.000,0.000,0.000,0.000,0.000,0.000,0.000,0.000,0.000,0.000,0.000,0.000,0.000,0.000,0.000,0.000,0.000
1,1988,0.000,0.000,0.000,0.000,0.000,0.000,0.000,0.000,0.000,0.000,0.000,0.000,0.000,0.000,0.000,0.000,0.000,0.000,0.000,0.000,0.000,0.000,0.000,0.000,0.000,0.000,0.000,0.000,0.000
1,1989,0.000,0.000,0.000,0.000,0.000,0.000,0.000,0.000,0.000,0.000,0.000,0.000,0.000,0.000,0.000,0.000,0.000,0.000,0.000,0.000,0.000,0.000,0.000,0.000,0.000,0.000,0.000,0.000,0.000
1,1990,0.000,0.000,0.000,0.000,0.000,0.000,0.000,0.000,0.000,0.000,0.000,0.000,0.000,0.000,0.000,0.000,0.000,0.000,0.000,0.000,0.000,0.000,0.000,0.000,0.000,0.000,0.000,0.000,0.000
1,1991,0.000,0.000,0.000,0.000,0.000,0.000,0.000,0.000,0.000,0.000,0.000,0.000,0.000,0.000,0.000,0.000,0.000,0.000,0.000,0.000,0.000,0.000,0.000,0.000,0.000,0.000,0.000,0.000,0.000
1,1992,0.000,0.000,0.000,0.000,0.000,0.000,0.000,0.000,0.000,0.000,0.000,0.000,0.000,0.000,0.000,0.000,0.000,0.000,0.000,0.000,0.000,0.000,0.000,0.000,0.000,0.000,0.000,0.000,0.000
1,1993,0.000,0.000,0.000,0.000,0.000,0.000,0.000,0.000,0.000,0.000,0.000,0.000,0.000,0.000,0.000,0.000,0.000,0.000,0.000,0.000,0.000,0.000,0.000,0.000,0.000,0.000,0.000,0.000,0.000
1,1994,0.000,0.000,0.000,0.000,0.000,0.000,0.000,0.000,0.000,0.000,0.000,0.000,0.000,0.000,0.000,0.000,0.000,0.000,0.000,0.000,0.000,0.000,0.000,0.000,0.000,0.000,0.000,0.000,0.000
1,1995,0.000,0.000,0.000,0.000,0.000,0.000,0.000,0.000,0.000,0.000,0.000,0.000,0.000,0.000,0.000,0.000,0.000,0.000,0.000,0.000,0.000,0.000,0.000,0.000,0.000,0.000,0.000,0.000,0.000
1,1996,0.000,0.000,0.000,0.000,0.000,0.000,0.000,0.000,0.000,0.000,0.000,0.000,0.000,0.000,0.000,0.000,0.000,0.000,0.000,0.000,0.000,0.000,0.000,0.000,0.000,0.000,0.000,0.000,0.000
1,1997,0.000,0.000,0.000,0.000,0.000,0.000,0.000,0.000,0.000,0.000,0.000,0.000,0.000,0.000,0.000,0.000,0.000,0.000,0.000,0.000,0.000,0.000,0.000,0.000,0.000,0.000,0.000,0.000,0.000
1,1998,0.000,0.000,0.000,0.000,0.000,0.000,0.000,0.000,0.000,0.000,0.000,0.000,0.000,0.000,0.000,0.000,0.000,0.000,0.000,0.000,0.000,0.000,0.000,0.000,0.000,0.000,0.000,0.000,0.000
1,1999,0.000,0.000,0.000,0.000,0.000,0.000,0.000,0.000,0.000,0.000,0.000,0.000,0.000,0.000,0.000,0.000,0.000,0.000,0.000,0.000,0.000,0.000,0.000,0.000,0.000,0.000,0.000,0.000,0.000
1,2000,0.000,0.000,0.000,0.000,0.000,0.000,0.000,0.000,0.000,0.000,0.000,0.000,0.000,0.000,0.000,0.000,0.000,0.000,0.000,0.000,0.000,0.000,0.000,0.000,0.000,0.000,0.000,0.000,0.000
1,2001,0.000,0.000,0.000,0.000,0.000,0.000,0.000,0.000,0.000,0.000,0.000,0.000,0.000,0.000,0.000,0.000,0.000,0.000,0.000,0.000,0.000,0.000,0.000,0.000,0.000,0.000,0.000,0.000,0.000
1,2002,0.000,0.000,0.000,0.000,0.000,0.000,0.000,0.000,0.000,0.000,0.000,0.000,0.000,0.000,0.000,0.000,0.000,0.000,0.000,0.000,0.000,0.000,0.000,0.000,0.000,0.000,0.000,0.000,0.000
1,2003,0.000,0.000,0.000,0.000,0.000,0.000,0.000,0.000,0.000,0.000,0.000,0.000,0.000,0.000,0.000,0.000,0.000,0.000,0.000,0.000,0.000,0.000,0.000,0.000,0.000,0.000,0.000,0.000,0.000
1,2004,0.000,0.000,0.000,0.000,0.000,0.000,0.000,0.002,0.002,0.002,0.004,0.016,0.008,0.008,0.001,0.002,0.002,0.002,0.002,0.002,0.002,0.002,0.002,0.002,0.002,0.002,0.002,0.002,0.002
1,2005,0.000,0.000,0.000,0.000,0.000,0.000,0.000,0.000,0.000,0.000,0.000,0.000,0.000,0.000,0.000,0.000,0.000,0.000,0.000,0.000,0.000,0.000,0.000,0.000,0.000,0.000,0.000,0.000,0.000
1,2006,0.000,0.000,0.000,0.000,0.000,0.000,0.000,0.000,0.004,0.009,0.002,0.003,0.026,0.021,0.001,0.001,0.001,0.001,0.001,0.001,0.001,0.001,0.001,0.001,0.001,0.001,0.001,0.001,0.001
1,2007,0.000,0.000,0.000,0.000,0.000,0.002,0.000,0.003,0.002,0.007,0.006,0.005,0.007,0.012,0.005,0.002,0.002,0.002,0.002,0.002,0.002,0.002,0.002,0.002,0.002,0.002,0.002,0.002,0.002
1,2008,0.000,0.000,0.000,0.000,0.000,0.000,0.000,0.002,0.004,0.009,0.003,0.002,0.012,0.006,0.007,0.003,0.003,0.003,0.003,0.003,0.003,0.003,0.003,0.003,0.003,0.003,0.003,0.003,0.003
1,2009,0.000,0.000,0.000,0.000,0.000,0.001,0.000,0.003,0.002,0.009,0.007,0.004,0.012,0.006,0.009,0.004,0.004,0.004,0.004,0.004,0.004,0.004,0.004,0.004,0.004,0.004,0.004,0.004,0.004
1,2010,0.000,0.000,0.000,0.000,0.000,0.002,0.000,0.000,0.000,0.003,0.004,0.003,0.005,0.005,0.006,0.003,0.003,0.003,0.003,0.003,0.003,0.003,0.003,0.003,0.003,0.003,0.003,0.003,0.003
1,2011,0.000,0.000,0.000,0.000,0.000,0.000,0.000,0.000,0.000,0.001,0.000,0.001,0.001,0.001,0.000,0.001,0.001,0.001,0.001,0.001,0.001,0.001,0.001,0.001,0.001,0.001,0.001,0.001,0.001
1,2012,0.000,0.000,0.000,0.000,0.000,0.000,0.000,0.002,0.000,0.004,0.001,0.006,0.007,0.008,0.005,0.005,0.005,0.005,0.005,0.005,0.005,0.005,0.005,0.005,0.005,0.005,0.005,0.005,0.005
1,2013,0.000,0.000,0.000,0.000,0.000,0.001,0.000,0.001,0.001,0.001,0.000,0.001,0.001,0.001,0.002,0.000,0.000,0.000,0.000,0.000,0.000,0.000,0.000,0.000,0.000,0.000,0.000,0.000,0.000
1,2014,0.000,0.000,0.000,0.000,0.000,0.002,0.000,0.002,0.001,0.002,0.001,0.001,0.002,0.000,0.001,0.000,0.000,0.000,0.000,0.000,0.000,0.000,0.000,0.000,0.000,0.000,0.000,0.000,0.000
1,2015,0.000,0.000,0.000,0.000,0.000,0.000,0.001,0.001,0.000,0.000,0.000,0.000,0.000,0.000,0.000,0.000,0.000,0.000,0.000,0.000,0.000,0.000,0.000,0.000,0.000,0.000,0.000,0.000,0.000
2,1974,0.000,0.000,0.000,0.000,0.000,0.000,0.000,0.000,0.000,0.000,0.000,0.000,0.000,0.000,0.000,0.000,0.000,0.000,0.000,0.000,0.000,0.000,0.000,0.000,0.000,0.000,0.000,0.000,0.000
2,1975,0.000,0.000,0.000,0.000,0.000,0.000,0.000,0.000,0.000,0.000,0.000,0.000,0.000,0.000,0.000,0.000,0.000,0.000,0.000,0.000,0.000,0.000,0.000,0.000,0.000,0.000,0.000,0.000,0.000
2,1976,0.000,0.000,0.000,0.000,0.000,0.000,0.000,0.000,0.000,0.000,0.000,0.000,0.000,0.000,0.000,0.000,0.000,0.000,0.000,0.000,0.000,0.000,0.000,0.000,0.000,0.000,0.000,0.000,0.000
2,1977,0.000,0.000,0.000,0.000,0.000,0.000,0.000,0.000,0.000,0.000,0.000,0.000,0.000,0.000,0.000,0.000,0.000,0.000,0.000,0.000,0.000,0.000,0.000,0.000,0.000,0.000,0.000,0.000,0.000
2,1978,0.000,0.000,0.000,0.000,0.000,0.000,0.000,0.000,0.000,0.000,0.000,0.000,0.000,0.000,0.000,0.000,0.000,0.000,0.000,0.000,0.000,0.000,0.000,0.000,0.000,0.000,0.000,0.000,0.000
2,1979,0.000,0.000,0.000,0.000,0.000,0.000,0.000,0.000,0.000,0.000,0.000,0.000,0.000,0.000,0.000,0.000,0.000,0.000,0.000,0.000,0.000,0.000,0.000,0.000,0.000,0.000,0.000,0.000,0.000
2,1980,0.000,0.000,0.000,0.000,0.000,0.000,0.000,0.000,0.000,0.000,0.000,0.000,0.000,0.000,0.000,0.000,0.000,0.000,0.000,0.000,0.000,0.000,0.000,0.000,0.000,0.000,0.000,0.000,0.000
2,1981,0.000,0.000,0.000,0.000,0.000,0.000,0.000,0.000,0.000,0.000,0.000,0.000,0.000,0.000,0.000,0.000,0.000,0.000,0.000,0.000,0.000,0.000,0.000,0.000,0.000,0.000,0.000,0.000,0.000
2,1982,0.000,0.000,0.000,0.000,0.000,0.000,0.000,0.000,0.000,0.000,0.000,0.000,0.000,0.000,0.000,0.000,0.000,0.000,0.000,0.000,0.000,0.000,0.000,0.000,0.000,0.000,0.000,0.000,0.000
2,1983,0.000,0.000,0.000,0.000,0.000,0.000,0.000,0.000,0.000,0.000,0.000,0.000,0.000,0.000,0.000,0.000,0.000,0.000,0.000,0.000,0.000,0.000,0.000,0.000,0.000,0.000,0.000,0.000,0.000
2,1984,0.000,0.000,0.000,0.000,0.000,0.000,0.000,0.000,0.000,0.000,0.000,0.000,0.000,0.000,0.000,0.124,0.124,0.124,0.124,0.124,0.124,0.124,0.124,0.124,0.124,0.124,0.124,0.124,0.124
2,1985,0.000,0.000,0.000,0.000,0.000,0.000,0.000,0.000,0.000,0.000,0.000,0.001,0.000,0.000,0.000,0.120,0.120,0.120,0.120,0.120,0.120,0.120,0.120,0.120,0.120,0.120,0.120,0.120,0.120
2,1986,0.000,0.000,0.000,0.000,0.000,0.000,0.000,0.000,0.000,0.000,0.000,0.001,0.001,0.000,0.000,0.056,0.056,0.056,0.056,0.056,0.056,0.056,0.056,0.056,0.056,0.056,0.056,0.056,0.056
2,1987,0.000,0.000,0.000,0.000,0.000,0.000,0.001,0.011,0.012,0.007,0.005,0.008,0.005,0.008,0.005,0.017,0.017,0.017,0.017,0.017,0.017,0.017,0.017,0.017,0.017,0.017,0.017,0.017,0.017
2,1988,0.000,0.000,0.000,0.000,0.000,0.000,0.005,0.060,0.050,0.053,0.040,0.039,0.030,0.027,0.026,0.046,0.046,0.046,0.046,0.046,0.046,0.046,0.046,0.046,0.046,0.046,0.046,0.046,0.046
2,1989,0.000,0.000,0.000,0.000,0.000,0.000,0.005,0.059,0.081,0.093,0.084,0.067,0.038,0.053,0.038,0.060,0.060,0.060,0.060,0.060,0.060,0.060,0.060,0.060,0.060,0.060,0.060,0.060,0.060
2,1990,0.000,0.000,0.000,0.000,0.000,0.000,0.012,0.065,0.078,0.070,0.051,0.050,0.034,0.030,0.034,0.043,0.043,0.043,0.043,0.043,0.043,0.043,0.043,0.043,0.043,0.043,0.043,0.043,0.043
2,1991,0.000,0.000,0.000,0.000,0.000,0.000,0.010,0.056,0.100,0.084,0.064,0.054,0.056,0.037,0.027,0.032,0.032,0.032,0.032,0.032,0.032,0.032,0.032,0.032,0.032,0.032,0.032,0.032,0.032
2,1992,0.000,0.000,0.000,0.000,0.000,0.000,0.004,0.015,0.030,0.084,0.071,0.100,0.067,0.073,0.030,0.043,0.043,0.043,0.043,0.043,0.043,0.043,0.043,0.043,0.043,0.043,0.043,0.043,0.043
2,1993,0.000,0.000,0.000,0.000,0.000,0.000,0.001,0.010,0.053,0.054,0.059,0.050,0.057,0.037,0.056,0.060,0.060,0.060,0.060,0.060,0.060,0.060,0.060,0.060,0.060,0.060,0.060,0.060,0.060
2,1994,0.000,0.000,0.000,0.000,0.000,0.000,0.004,0.013,0.024,0.048,0.038,0.030,0.022,0.032,0.025,0.026,0.026,0.026,0.026,0.026,0.026,0.026,0.026,0.026,0.026,0.026,0.026,0.026,0.026
2,1995,0.000,0.000,0.000,0.000,0.000,0.001,0.001,0.004,0.044,0.049,0.036,0.037,0.027,0.027,0.035,0.045,0.045,0.045,0.045,0.045,0.045,0.045,0.045,0.045,0.045,0.045,0.045,0.045,0.045
2,1996,0.000,0.000,0.000,0.000,0.000,0.000,0.002,0.005,0.010,0.034,0.043,0.041,0.037,0.044,0.034,0.040,0.040,0.040,0.040,0.040,0.040,0.040,0.040,0.040,0.040,0.040,0.040,0.040,0.040
2,1997,0.000,0.000,0.000,0.000,0.000,0.001,0.003,0.012,0.017,0.014,0.022,0.035,0.030,0.039,0.033,0.039,0.039,0.039,0.039,0.039,0.039,0.039,0.039,0.039,0.039,0.039,0.039,0.039,0.039
2,1998,0.000,0.000,0.000,0.000,0.000,0.000,0.001,0.013,0.032,0.031,0.022,0.032,0.035,0.029,0.022,0.035,0.035,0.035,0.035,0.035,0.035,0.035,0.035,0.035,0.035,0.035,0.035,0.035,0.035
2,1999,0.000,0.000,0.000,0.000,0.000,0.000,0.002,0.009,0.027,0.040,0.036,0.026,0.019,0.020,0.016,0.036,0.036,0.036,0.036,0.036,0.036,0.036,0.036,0.036,0.036,0.036,0.036,0.036,0.036
2,2000,0.000,0.000,0.000,0.000,0.000,0.000,0.000,0.002,0.015,0.023,0.023,0.028,0.026,0.024,0.036,0.049,0.049,0.049,0.049,0.049,0.049,0.049,0.049,0.049,0.049,0.049,0.049,0.049,0.049
2,2001,0.000,0.000,0.000,0.000,0.000,0.001,0.009,0.016,0.013,0.038,0.039,0.029,0.025,0.022,0.020,0.036,0.036,0.036,0.036,0.036,0.036,0.036,0.036,0.036,0.036,0.036,0.036,0.036,0.036
2,2002,0.000,0.000,0.000,0.000,0.000,0.001,0.004,0.034,0.043,0.023,0.037,0.044,0.040,0.029,0.026,0.039,0.039,0.039,0.039,0.039,0.039,0.039,0.039,0.039,0.039,0.039,0.039,0.039,0.039
2,2003,0.000,0.000,0.000,0.000,0.000,0.000,0.002,0.041,0.087,0.061,0.023,0.014,0.020,0.031,0.018,0.033,0.033,0.033,0.033,0.033,0.033,0.033,0.033,0.033,0.033,0.033,0.033,0.033,0.033
2,2004,0.000,0.000,0.000,0.000,0.000,0.000,0.002,0.006,0.026,0.040,0.036,0.028,0.020,0.032,0.034,0.038,0.038,0.038,0.038,0.038,0.038,0.038,0.038,0.038,0.038,0.038,0.038,0.038,0.038
2,2005,0.000,0.000,0.000,0.000,0.001,0.006,0.016,0.024,0.031,0.054,0.071,0.073,0.049,0.044,0.038,0.041,0.041,0.041,0.041,0.041,0.041,0.041,0.041,0.041,0.041,0.041,0.041,0.041,0.041
2,2006,0.000,0.000,0.000,0.000,0.000,0.005,0.020,0.039,0.046,0.044,0.053,0.046,0.049,0.050,0.042,0.045,0.045,0.045,0.045,0.045,0.045,0.045,0.045,0.045,0.045,0.045,0.045,0.045,0.045
2,2007,0.000,0.000,0.000,0.000,0.000,0.005,0.015,0.018,0.020,0.016,0.019,0.021,0.025,0.028,0.026,0.032,0.032,0.032,0.032,0.032,0.032,0.032,0.032,0.032,0.032,0.032,0.032,0.032,0.032
2,2008,0.000,0.000,0.000,0.000,0.000,0.001,0.002,0.008,0.014,0.018,0.014,0.024,0.025,0.024,0.035,0.043,0.043,0.043,0.043,0.043,0.043,0.043,0.043,0.043,0.043,0.043,0.043,0.043,0.043
2,2009,0.000,0.000,0.000,0.000,0.000,0.019,0.014,0.020,0.027,0.023,0.024,0.023,0.034,0.027,0.032,0.032,0.032,0.032,0.032,0.032,0.032,0.032,0.032,0.032,0.032,0.032,0.032,0.032,0.032
2,2010,0.000,0.000,0.000,0.000,0.000,0.001,0.004,0.003,0.017,0.019,0.018,0.021,0.025,0.027,0.024,0.030,0.030,0.030,0.030,0.030,0.030,0.030,0.030,0.030,0.030,0.030,0.030,0.030,0.030
2,2011,0.000,0.000,0.000,0.000,0.000,0.000,0.002,0.005,0.005,0.012,0.012,0.016,0.018,0.019,0.020,0.025,0.025,0.025,0.025,0.025,0.025,0.025,0.025,0.025,0.025,0.025,0.025,0.025,0.025
2,2012,0.000,0.000,0.000,0.000,0.000,0.000,0.002,0.009,0.010,0.009,0.012,0.013,0.021,0.026,0.021,0.023,0.023,0.023,0.023,0.023,0.023,0.023,0.023,0.023,0.023,0.023,0.023,0.023,0.023
2,2013,0.000,0.000,0.000,0.000,0.000,0.001,0.004,0.005,0.005,0.009,0.010,0.012,0.012,0.018,0.018,0.024,0.024,0.024,0.024,0.024,0.024,0.024,0.024,0.024,0.024,0.024,0.024,0.024,0.024
2,2014,0.000,0.000,0.000,0.000,0.000,0.002,0.001,0.005,0.007,0.010,0.012,0.013,0.016,0.018,0.016,0.019,0.019,0.019,0.019,0.019,0.019,0.019,0.019,0.019,0.019,0.019,0.019,0.019,0.019
2,2015,0.000,0.000,0.000,0.000,0.000,0.000,0.002,0.004,0.005,0.008,0.010,0.010,0.013,0.024,0.021,0.025,0.025,0.025,0.025,0.025,0.025,0.025,0.025,0.025,0.025,0.025,0.025,0.025,0.025
3,1974,0.107,0.304,0.014,0.186,0.142,0.014,0.062,0.040,0.110,0.074,0.094,0.040,0.069,0.130,0.186,0.186,0.186,0.186,0.186,0.186,0.186,0.186,0.186,0.186,0.186,0.186,0.186,0.186,0.186
3,1975,0.139,0.579,0.043,0.162,0.079,0.016,0.003,0.016,0.034,0.043,0.033,0.038,0.060,0.045,0.054,0.054,0.054,0.054,0.054,0.054,0.054,0.054,0.054,0.054,0.054,0.054,0.054,0.054,0.054
3,1976,0.043,0.234,0.481,0.166,0.099,0.069,0.014,0.034,0.073,0.028,0.050,0.066,0.113,0.081,0.072,0.072,0.072,0.072,0.072,0.072,0.072,0.072,0.072,0.072,0.072,0.072,0.072,0.072,0.072
3,1977,0.007,0.142,0.117,0.291,0.437,0.115,0.154,0.033,0.032,0.039,0.029,0.039,0.089,0.115,0.114,0.115,0.115,0.115,0.115,0.115,0.115,0.115,0.115,0.115,0.115,0.115,0.115,0.115,0.115
3,1978,0.019,0.091,0.166,0.289,0.281,0.224,0.052,0.039,0.051,0.053,0.048,0.038,0.088,0.061,0.129,0.128,0.128,0.128,0.128,0.128,0.128,0.128,0.128,0.128,0.128,0.128,0.128,0.128,0.128
3,1979,0.014,0.066,0.190,0.301,0.472,0.098,0.153,0.103,0.047,0.064,0.070,0.151,0.166,0.138,0.140,0.139,0.139,0.139,0.139,0.139,0.139,0.139,0.139,0.139,0.139,0.139,0.139,0.139,0.139
3,1980,0.030,0.097,0.308,0.219,0.274,0.110,0.203,0.287,0.149,0.063,0.103,0.128,0.158,0.144,0.161,0.156,0.156,0.156,0.156,0.156,0.156,0.156,0.156,0.156,0.156,0.156,0.156,0.156,0.156
3,1981,0.067,0.071,0.436,0.029,0.350,0.235,0.150,0.149,0.208,0.150,0.103,0.151,0.187,0.291,0.187,0.187,0.187,0.187,0.187,0.187,0.187,0.187,0.187,0.187,0.187,0.187,0.187,0.187,0.187
3,1982,0.024,0.035,0.055,0.036,0.015,0.030,0.045,0.037,0.057,0.076,0.095,0.060,0.059,0.115,0.162,0.162,0.162,0.162,0.162,0.162,0.162,0.162,0.162,0.162,0.162,0.162,0.162,0.162,0.162
3,1983,0.026,0.018,0.044,0.049,0.051,0.067,0.095,0.129,0.124,0.087,0.113,0.122,0.122,0.184,0.240,0.240,0.240,0.240,0.240,0.240,0.240,0.240,0.240,0.240,0.240,0.240,0.240,0.240,0.240
3,1984,0.004,0.050,0.043,0.058,0.140,0.119,0.073,0.044,0.088,0.112,0.115,0.138,0.140,0.140,0.177,0.053,0.053,0.053,0.053,0.053,0.053,0.053,0.053,0.053,0.053,0.053,0.053,0.053,0.053
3,1985,0.003,0.047,0.118,0.122,0.156,0.213,0.171,0.062,0.051,0.076,0.113,0.170,0.191,0.205,0.191,0.071,0.071,0.071,0.071,0.071,0.071,0.071,0.071,0.071,0.071,0.071,0.071,0.071,0.071
3,1986,0.004,0.052,0.141,0.069,0.152,0.127,0.103,0.126,0.070,0.054,0.079,0.130,0.138,0.154,0.150,0.094,0.094,0.094,0.094,0.094,0.094,0.094,0.094,0.094,0.094,0.094,0.094,0.094,0.094
3,1987,0.009,0.128,0.149,0.157,0.195,0.148,0.102,0.093,0.102,0.064,0.056,0.105,0.107,0.135,0.114,0.102,0.102,0.102,0.102,0.102,0.102,0.102,0.102,0.102,0.102,0.102,0.102,0.102,0.102
3,1988,0.037,0.048,0.249,0.125,0.162,0.176,0.168,0.110,0.098,0.067,0.048,0.066,0.088,0.125,0.115,0.095,0.095,0.095,0.095,0.095,0.095,0.095,0.095,0.095,0.095,0.095,0.095,0.095,0.095
3,1989,0.004,0.051,0.128,0.050,0.127,0.087,0.144,0.123,0.089,0.062,0.082,0.069,0.075,0.110,0.110,0.088,0.088,0.088,0.088,0.088,0.088,0.088,0.088,0.088,0.088,0.088,0.088,0.088,0.088
3,1990,0.010,0.026,0.286,0.121,0.109,0.117,0.084,0.083,0.105,0.078,0.091,0.089,0.067,0.101,0.101,0.092,0.092,0.092,0.092,0.092,0.092,0.092,0.092,0.092,0.092,0.092,0.092,0.092,0.092
3,1991,0.009,0.046,0.306,0.088,0.083,0.083,0.111,0.120,0.118,0.103,0.134,0.105,0.096,0.101,0.073,0.068,0.068,0.068,0.068,0.068,0.068,0.068,0.068,0.068,0.068,0.068,0.068,0.068,0.068
3,1992,0.000,0.025,0.081,0.021,0.061,0.062,0.078,0.134,0.119,0.080,0.120,0.139,0.067,0.095,0.071,0.058,0.058,0.058,0.058,0.058,0.058,0.058,0.058,0.058,0.058,0.058,0.058,0.058,0.058
3,1993,0.003,0.008,0.023,0.110,0.095,0.066,0.113,0.122,0.189,0.101,0.069,0.048,0.069,0.084,0.049,0.045,0.045,0.045,0.045,0.045,0.045,0.045,0.045,0.045,0.045,0.045,0.045,0.045,0.045
3,1994,0.009,0.027,0.015,0.044,0.082,0.079,0.076,0.177,0.137,0.113,0.106,0.083,0.052,0.092,0.057,0.056,0.056,0.056,0.056,0.056,0.056,0.056,0.056,0.056,0.056,0.056,0.056,0.056,0.056
3,1995,0.003,0.008,0.056,0.118,0.127,0.121,0.048,0.093,0.125,0.102,0.076,0.084,0.070,0.087,0.094,0.084,0.084,0.084,0.084,0.084,0.084,0.084,0.084,0.084,0.084,0.084,0.084,0.084,0.084
3,1996,0.003,0.042,0.143,0.124,0.146,0.110,0.072,0.109,0.064,0.115,0.115,0.098,0.095,0.121,0.085,0.079,0.079,0.079,0.079,0.079,0.079,0.079,0.079,0.079,0.079,0.079,0.079,0.079,0.079
3,1997,0.002,0.005,0.067,0.100,0.076,0.075,0.076,0.125,0.099,0.063,0.097,0.129,0.108,0.151,0.087,0.081,0.081,0.081,0.081,0.081,0.081,0.081,0.081,0.081,0.081,0.081,0.081,0.081,0.081
3,1998,0.002,0.009,0.056,0.087,0.067,0.078,0.093,0.189,0.167,0.110,0.074,0.102,0.137,0.112,0.090,0.077,0.077,0.077,0.077,0.077,0.077,0.077,0.077,0.077,0.077,0.077,0.077,0.077,0.077
3,1999,0.000,0.005,0.023,0.062,0.091,0.098,0.141,0.137,0.144,0.194,0.162,0.085,0.086,0.130,0.090,0.070,0.070,0.070,0.070,0.070,0.070,0.070,0.070,0.070,0.070,0.070,0.070,0.070,0.070
3,2000,0.001,0.004,0.014,0.018,0.069,0.138,0.105,0.175,0.189,0.147,0.169,0.133,0.096,0.094,0.107,0.094,0.094,0.094,0.094,0.094,0.094,0.094,0.094,0.094,0.094,0.094,0.094,0.094,0.094
3,2001,0.008,0.009,0.022,0.108,0.100,0.070,0.133,0.188,0.090,0.140,0.168,0.193,0.140,0.116,0.097,0.081,0.081,0.081,0.081,0.081,0.081,0.081,0.081,0.081,0.081,0.081,0.081,0.081,0.081
3,2002,0.000,0.048,0.106,0.123,0.225,0.132,0.120,0.230,0.219,0.164,0.150,0.189,0.201,0.182,0.083,0.070,0.070,0.070,0.070,0.070,0.070,0.070,0.070,0.070,0.070,0.070,0.070,0.070,0.070
3,2003,0.001,0.014,0.062,0.142,0.108,0.075,0.033,0.097,0.126,0.117,0.090,0.127,0.157,0.197,0.080,0.065,0.065,0.065,0.065,0.065,0.065,0.065,0.065,0.065,0.065,0.065,0.065,0.065,0.065
3,2004,0.000,0.016,0.078,0.136,0.131,0.126,0.144,0.100,0.096,0.108,0.084,0.073,0.085,0.076,0.059,0.054,0.054,0.054,0.054,0.054,0.054,0.054,0.054,0.054,0.054,0.054,0.054,0.054,0.054
3,2005,0.003,0.028,0.034,0.075,0.036,0.033,0.040,0.060,0.063,0.081,0.105,0.102,0.082,0.064,0.056,0.053,0.053,0.053,0.053,0.053,0.053,0.053,0.053,0.053,0.053,0.053,0.053,0.053,0.053
3,2006,0.001,0.003,0.012,0.018,0.090,0.056,0.046,0.066,0.062,0.066,0.065,0.059,0.086,0.092,0.060,0.056,0.056,0.056,0.056,0.056,0.056,0.056,0.056,0.056,0.056,0.056,0.056,0.056,0.056
3,2007,0.001,0.001,0.014,0.165,0.057,0.081,0.046,0.043,0.032,0.031,0.037,0.035,0.041,0.055,0.045,0.042,0.042,0.042,0.042,0.042,0.042,0.042,0.042,0.042,0.042,0.042,0.042,0.042,0.042
3,2008,0.001,0.004,0.019,0.041,0.126,0.038,0.094,0.073,0.071,0.066,0.037,0.046,0.049,0.043,0.064,0.059,0.059,0.059,0.059,0.059,0.059,0.059,0.059,0.059,0.059,0.059,0.059,0.059,0.059
3,2009,0.000,0.001,0.025,0.039,0.034,0.101,0.032,0.055,0.061,0.068,0.046,0.040,0.059,0.054,0.061,0.064,0.064,0.064,0.064,0.064,0.064,0.064,0.064,0.064,0.064,0.064,0.064,0.064,0.064
3,2010,0.000,0.006,0.024,0.048,0.037,0.021,0.038,0.058,0.077,0.103,0.078,0.067,0.069,0.075,0.063,0.059,0.059,0.059,0.059,0.059,0.059,0.059,0.059,0.059,0.059,0.059,0.059,0.059,0.059
3,2011,0.000,0.002,0.010,0.094,0.063,0.064,0.036,0.135,0.051,0.058,0.071,0.077,0.067,0.052,0.059,0.053,0.053,0.053,0.053,0.053,0.053,0.053,0.053,0.053,0.053,0.053,0.053,0.053,0.053
3,2012,0.001,0.004,0.023,0.039,0.044,0.037,0.026,0.049,0.078,0.059,0.044,0.055,0.054,0.061,0.044,0.043,0.043,0.043,0.043,0.043,0.043,0.043,0.043,0.043,0.043,0.043,0.043,0.043,0.043
3,2013,0.000,0.003,0.010,0.036,0.012,0.028,0.024,0.049,0.034,0.059,0.056,0.051,0.049,0.049,0.039,0.036,0.036,0.036,0.036,0.036,0.036,0.036,0.036,0.036,0.036,0.036,0.036,0.036,0.036
3,2014,0.002,0.008,0.020,0.045,0.019,0.014,0.012,0.036,0.051,0.062,0.059,0.059,0.071,0.047,0.039,0.037,0.037,0.037,0.037,0.037,0.037,0.037,0.037,0.037,0.037,0.037,0.037,0.037,0.037
3,2015,0.002,0.001,0.012,0.034,0.023,0.015,0.018,0.060,0.050,0.069,0.083,0.063,0.054,0.071,0.048,0.044,0.044,0.044,0.044,0.044,0.044,0.044,0.044,0.044,0.044,0.044,0.044,0.044,0.044
4,1974,0.000,0.000,0.000,0.000,0.000,0.000,0.000,0.000,0.000,0.000,0.000,0.000,0.000,0.000,0.000,0.000,0.000,0.000,0.000,0.000,0.000,0.000,0.000,0.000,0.000,0.000,0.000,0.000,0.000
4,1975,0.000,0.000,0.000,0.000,0.000,0.000,0.000,0.000,0.000,0.000,0.000,0.000,0.000,0.000,0.000,0.000,0.000,0.000,0.000,0.000,0.000,0.000,0.000,0.000,0.000,0.000,0.000,0.000,0.000
4,1976,0.000,0.000,0.000,0.000,0.000,0.000,0.000,0.000,0.000,0.000,0.000,0.000,0.000,0.000,0.000,0.000,0.000,0.000,0.000,0.000,0.000,0.000,0.000,0.000,0.000,0.000,0.000,0.000,0.000
4,1977,0.000,0.000,0.000,0.000,0.000,0.000,0.000,0.000,0.000,0.000,0.000,0.000,0.000,0.000,0.000,0.000,0.000,0.000,0.000,0.000,0.000,0.000,0.000,0.000,0.000,0.000,0.000,0.000,0.000
4,1978,0.000,0.000,0.000,0.000,0.000,0.000,0.000,0.000,0.000,0.000,0.000,0.000,0.000,0.000,0.000,0.000,0.000,0.000,0.000,0.000,0.000,0.000,0.000,0.000,0.000,0.000,0.000,0.000,0.000
4,1979,0.000,0.000,0.000,0.000,0.000,0.000,0.000,0.000,0.000,0.000,0.000,0.000,0.000,0.000,0.000,0.000,0.000,0.000,0.000,0.000,0.000,0.000,0.000,0.000,0.000,0.000,0.000,0.000,0.000
4,1980,0.000,0.000,0.000,0.000,0.000,0.000,0.000,0.000,0.000,0.000,0.000,0.000,0.000,0.000,0.000,0.000,0.000,0.000,0.000,0.000,0.000,0.000,0.000,0.000,0.000,0.000,0.000,0.000,0.000
4,1981,0.000,0.000,0.000,0.000,0.000,0.000,0.000,0.000,0.000,0.000,0.000,0.000,0.000,0.000,0.000,0.000,0.000,0.000,0.000,0.000,0.000,0.000,0.000,0.000,0.000,0.000,0.000,0.000,0.000
4,1982,0.000,0.000,0.000,0.000,0.000,0.000,0.000,0.000,0.000,0.000,0.000,0.000,0.000,0.000,0.000,0.000,0.000,0.000,0.000,0.000,0.000,0.000,0.000,0.000,0.000,0.000,0.000,0.000,0.000
4,1983,0.000,0.000,0.000,0.000,0.000,0.000,0.000,0.000,0.000,0.000,0.000,0.000,0.000,0.000,0.000,0.000,0.000,0.000,0.000,0.000,0.000,0.000,0.000,0.000,0.000,0.000,0.000,0.000,0.000
4,1984,0.000,0.000,0.000,0.000,0.000,0.000,0.000,0.000,0.000,0.000,0.000,0.000,0.000,0.000,0.000,0.000,0.000,0.000,0.000,0.000,0.000,0.000,0.000,0.000,0.000,0.000,0.000,0.000,0.000
4,1985,0.000,0.000,0.000,0.000,0.000,0.000,0.000,0.000,0.000,0.000,0.000,0.000,0.000,0.000,0.000,0.000,0.000,0.000,0.000,0.000,0.000,0.000,0.000,0.000,0.000,0.000,0.000,0.000,0.000
4,1986,0.000,0.000,0.000,0.000,0.000,0.000,0.000,0.000,0.000,0.000,0.000,0.000,0.000,0.000,0.000,0.000,0.000,0.000,0.000,0.000,0.000,0.000,0.000,0.000,0.000,0.000,0.000,0.000,0.000
4,1987,0.000,0.000,0.000,0.000,0.000,0.000,0.000,0.000,0.000,0.000,0.000,0.000,0.000,0.000,0.000,0.000,0.000,0.000,0.000,0.000,0.000,0.000,0.000,0.000,0.000,0.000,0.000,0.000,0.000
4,1988,0.000,0.000,0.000,0.000,0.000,0.000,0.000,0.000,0.000,0.000,0.000,0.000,0.000,0.000,0.000,0.000,0.000,0.000,0.000,0.000,0.000,0.000,0.000,0.000,0.000,0.000,0.000,0.000,0.000
4,1989,0.000,0.000,0.000,0.000,0.000,0.000,0.000,0.000,0.000,0.000,0.000,0.000,0.000,0.000,0.000,0.000,0.000,0.000,0.000,0.000,0.000,0.000,0.000,0.000,0.000,0.000,0.000,0.000,0.000
4,1990,0.000,0.000,0.000,0.000,0.000,0.000,0.000,0.000,0.000,0.000,0.000,0.000,0.000,0.000,0.000,0.000,0.000,0.000,0.000,0.000,0.000,0.000,0.000,0.000,0.000,0.000,0.000,0.000,0.000
4,1991,0.000,0.000,0.000,0.000,0.000,0.000,0.000,0.000,0.000,0.000,0.000,0.000,0.000,0.000,0.000,0.000,0.000,0.000,0.000,0.000,0.000,0.000,0.000,0.000,0.000,0.000,0.000,0.000,0.000
4,1992,0.000,0.000,0.000,0.000,0.000,0.000,0.000,0.000,0.000,0.000,0.000,0.000,0.000,0.000,0.000,0.000,0.000,0.000,0.000,0.000,0.000,0.000,0.000,0.000,0.000,0.000,0.000,0.000,0.000
4,1993,0.000,0.000,0.000,0.000,0.000,0.000,0.000,0.000,0.000,0.000,0.000,0.000,0.000,0.000,0.000,0.000,0.000,0.000,0.000,0.000,0.000,0.000,0.000,0.000,0.000,0.000,0.000,0.000,0.000
4,1994,0.000,0.000,0.000,0.000,0.000,0.000,0.000,0.000,0.000,0.000,0.000,0.000,0.000,0.000,0.000,0.000,0.000,0.000,0.000,0.000,0.000,0.000,0.000,0.000,0.000,0.000,0.000,0.000,0.000
4,1995,0.000,0.000,0.000,0.000,0.000,0.000,0.000,0.000,0.000,0.000,0.000,0.000,0.000,0.000,0.000,0.000,0.000,0.000,0.000,0.000,0.000,0.000,0.000,0.000,0.000,0.000,0.000,0.000,0.000
4,1996,0.000,0.000,0.000,0.000,0.000,0.000,0.000,0.000,0.000,0.000,0.000,0.000,0.000,0.000,0.000,0.000,0.000,0.000,0.000,0.000,0.000,0.000,0.000,0.000,0.000,0.000,0.000,0.000,0.000
4,1997,0.000,0.000,0.000,0.000,0.000,0.000,0.000,0.000,0.000,0.000,0.000,0.000,0.000,0.000,0.000,0.000,0.000,0.000,0.000,0.000,0.000,0.000,0.000,0.000,0.000,0.000,0.000,0.000,0.000
4,1998,0.000,0.000,0.000,0.000,0.000,0.000,0.000,0.000,0.000,0.000,0.000,0.000,0.000,0.000,0.000,0.000,0.000,0.000,0.000,0.000,0.000,0.000,0.000,0.000,0.000,0.000,0.000,0.000,0.000
4,1999,0.000,0.000,0.000,0.000,0.000,0.000,0.000,0.000,0.000,0.000,0.000,0.000,0.000,0.000,0.000,0.000,0.000,0.000,0.000,0.000,0.000,0.000,0.000,0.000,0.000,0.000,0.000,0.000,0.000
4,2000,0.000,0.000,0.000,0.000,0.000,0.000,0.000,0.000,0.000,0.000,0.000,0.000,0.000,0.000,0.000,0.000,0.000,0.000,0.000,0.000,0.000,0.000,0.000,0.000,0.000,0.000,0.000,0.000,0.000
4,2001,0.000,0.000,0.000,0.000,0.000,0.000,0.000,0.000,0.000,0.000,0.000,0.000,0.000,0.000,0.000,0.000,0.000,0.000,0.000,0.000,0.000,0.000,0.000,0.000,0.000,0.000,0.000,0.000,0.000
4,2002,0.000,0.000,0.000,0.000,0.000,0.000,0.000,0.000,0.000,0.000,0.000,0.000,0.000,0.000,0.000,0.000,0.000,0.000,0.000,0.000,0.000,0.000,0.000,0.000,0.000,0.000,0.000,0.000,0.000
4,2003,0.000,0.000,0.000,0.000,0.000,0.000,0.000,0.000,0.000,0.000,0.000,0.000,0.000,0.000,0.000,0.000,0.000,0.000,0.000,0.000,0.000,0.000,0.000,0.000,0.000,0.000,0.000,0.000,0.000
4,2004,0.000,0.000,0.000,0.000,0.000,0.000,0.000,0.000,0.000,0.000,0.000,0.000,0.000,0.000,0.000,0.000,0.000,0.000,0.000,0.000,0.000,0.000,0.000,0.000,0.000,0.000,0.000,0.000,0.000
4,2005,0.000,0.000,0.000,0.000,0.000,0.000,0.000,0.000,0.000,0.000,0.000,0.000,0.000,0.000,0.000,0.000,0.000,0.000,0.000,0.000,0.000,0.000,0.000,0.000,0.000,0.000,0.000,0.000,0.000
4,2006,0.000,0.000,0.000,0.000,0.000,0.000,0.000,0.000,0.000,0.000,0.000,0.000,0.000,0.000,0.000,0.000,0.000,0.000,0.000,0.000,0.000,0.000,0.000,0.000,0.000,0.000,0.000,0.000,0.000
4,2007,0.000,0.000,0.000,0.000,0.000,0.000,0.000,0.000,0.000,0.000,0.000,0.000,0.000,0.000,0.000,0.000,0.000,0.000,0.000,0.000,0.000,0.000,0.000,0.000,0.000,0.000,0.000,0.000,0.000
4,2008,0.000,0.000,0.000,0.000,0.000,0.000,0.000,0.000,0.000,0.000,0.000,0.000,0.000,0.000,0.000,0.000,0.000,0.000,0.000,0.000,0.000,0.000,0.000,0.000,0.000,0.000,0.000,0.000,0.000
4,2009,0.000,0.000,0.000,0.000,0.000,0.000,0.000,0.000,0.000,0.000,0.000,0.000,0.000,0.000,0.000,0.000,0.000,0.000,0.000,0.000,0.000,0.000,0.000,0.000,0.000,0.000,0.000,0.000,0.000
4,2010,0.000,0.000,0.000,0.000,0.000,0.009,0.029,0.022,0.004,0.002,0.002,0.002,0.002,0.002,0.002,0.002,0.002,0.002,0.002,0.002,0.002,0.002,0.002,0.002,0.002,0.002,0.002,0.002,0.002
4,2011,0.000,0.000,0.000,0.000,0.000,0.001,0.004,0.014,0.021,0.002,0.002,0.002,0.002,0.002,0.002,0.002,0.002,0.002,0.002,0.002,0.002,0.002,0.002,0.002,0.002,0.002,0.002,0.002,0.002
4,2012,0.000,0.000,0.000,0.000,0.000,0.005,0.010,0.014,0.024,0.009,0.009,0.009,0.009,0.009,0.009,0.009,0.009,0.009,0.009,0.009,0.009,0.009,0.009,0.009,0.009,0.009,0.009,0.009,0.009
4,2013,0.000,0.000,0.000,0.000,0.000,0.001,0.014,0.025,0.022,0.010,0.010,0.010,0.010,0.010,0.010,0.010,0.010,0.010,0.010,0.010,0.010,0.010,0.010,0.010,0.010,0.010,0.010,0.010,0.010
4,2014,0.000,0.000,0.000,0.000,0.000,0.001,0.005,0.010,0.029,0.014,0.014,0.014,0.014,0.014,0.014,0.014,0.014,0.014,0.014,0.014,0.014,0.014,0.014,0.014,0.014,0.014,0.014,0.014,0.014
4,2015,0.000,0.000,0.000,0.000,0.000,0.003,0.011,0.016,0.033,0.016,0.016,0.016,0.016,0.016,0.016,0.016,0.016,0.016,0.016,0.016,0.016,0.016,0.016,0.016,0.016,0.016,0.016,0.016,0.016
5,1974,0.037,0.139,0.093,0.109,0.031,0.027,0.005,0.000,0.000,0.025,0.025,0.025,0.025,0.025,0.025,0.025,0.025,0.025,0.025,0.025,0.025,0.025,0.025,0.025,0.025,0.025,0.025,0.025,0.025
5,1975,0.042,0.211,0.031,0.030,0.027,0.025,0.023,0.023,0.033,0.030,0.030,0.030,0.030,0.030,0.030,0.030,0.030,0.030,0.030,0.030,0.030,0.030,0.030,0.030,0.030,0.030,0.030,0.030,0.030
5,1976,0.007,0.115,0.142,0.074,0.056,0.026,0.031,0.050,0.036,0.032,0.032,0.032,0.032,0.032,0.032,0.032,0.032,0.032,0.032,0.032,0.032,0.032,0.032,0.032,0.032,0.032,0.032,0.032,0.032
5,1977,0.023,0.186,0.071,0.080,0.020,0.035,0.019,0.018,0.028,0.025,0.025,0.025,0.025,0.025,0.025,0.025,0.025,0.025,0.025,0.025,0.025,0.025,0.025,0.025,0.025,0.025,0.025,0.025,0.025
5,1978,0.134,0.197,0.071,0.044,0.036,0.012,0.014,0.010,0.025,0.022,0.022,0.022,0.022,0.022,0.022,0.022,0.022,0.022,0.022,0.022,0.022,0.022,0.022,0.022,0.022,0.022,0.022,0.022,0.022
5,1979,0.012,0.126,0.111,0.056,0.017,0.015,0.016,0.031,0.020,0.018,0.018,0.018,0.018,0.018,0.018,0.018,0.018,0.018,0.018,0.018,0.018,0.018,0.018,0.018,0.018,0.018,0.018,0.018,0.018
5,1980,0.053,0.058,0.162,0.092,0.024,0.021,0.025,0.020,0.027,0.024,0.024,0.024,0.024,0.024,0.024,0.024,0.024,0.024,0.024,0.024,0.024,0.024,0.024,0.024,0.024,0.024,0.024,0.024,0.024
5,1981,0.085,0.196,0.087,0.041,0.033,0.008,0.009,0.013,0.016,0.012,0.012,0.012,0.012,0.012,0.012,0.012,0.012,0.012,0.012,0.012,0.012,0.012,0.012,0.012,0.012,0.012,0.012,0.012,0.012
5,1982,0.153,0.185,0.233,0.093,0.062,0.053,0.025,0.038,0.030,0.019,0.019,0.019,0.019,0.019,0.019,0.019,0.019,0.019,0.019,0.019,0.019,0.019,0.019,0.019,0.019,0.019,0.019,0.019,0.019
5,1983,0.222,0.188,0.116,0.076,0.074,0.059,0.062,0.040,0.057,0.022,0.022,0.022,0.022,0.022,0.022,0.022,0.022,0.022,0.022,0.022,0.022,0.022,0.022,0.022,0.022,0.022,0.022,0.022,0.022
5,1984,0.060,0.252,0.095,0.134,0.115,0.065,0.057,0.058,0.044,0.017,0.017,0.017,0.017,0.017,0.017,0.017,0.017,0.017,0.017,0.017,0.017,0.017,0.017,0.017,0.017,0.017,0.017,0.017,0.017
5,1985,0.045,0.310,0.282,0.132,0.107,0.045,0.029,0.026,0.030,0.015,0.015,0.015,0.015,0.015,0.015,0.015,0.015,0.015,0.015,0.015,0.015,0.015,0.015,0.015,0.015,0.015,0.015,0.015,0.015
5,1986,0.149,0.168,0.183,0.106,0.039,0.072,0.036,0.029,0.039,0.016,0.016,0.016,0.016,0.016,0.016,0.016,0.016,0.016,0.016,0.016,0.016,0.016,0.016,0.016,0.016,0.016,0.016,0.016,0.016
5,1987,0.097,0.276,0.206,0.131,0.059,0.054,0.043,0.036,0.038,0.014,0.014,0.014,0.014,0.014,0.014,0.014,0.014,0.014,0.014,0.014,0.014,0.014,0.014,0.014,0.014,0.014,0.014,0.014,0.014
5,1988,0.182,0.181,0.341,0.127,0.067,0.033,0.041,0.048,0.049,0.014,0.014,0.014,0.014,0.014,0.014,0.014,0.014,0.014,0.014,0.014,0.014,0.014,0.014,0.014,0.014,0.014,0.014,0.014,0.014
5,1989,0.110,0.230,0.117,0.167,0.101,0.020,0.021,0.019,0.020,0.012,0.012,0.012,0.012,0.012,0.012,0.012,0.012,0.012,0.012,0.012,0.012,0.012,0.012,0.012,0.012,0.012,0.012,0.012,0.012
5,1990,0.080,0.126,0.154,0.228,0.195,0.036,0.023,0.018,0.016,0.008,0.008,0.008,0.008,0.008,0.008,0.008,0.008,0.008,0.008,0.008,0.008,0.008,0.008,0.008,0.008,0.008,0.008,0.008,0.008
5,1991,0.041,0.154,0.141,0.112,0.062,0.012,0.013,0.028,0.045,0.015,0.015,0.015,0.015,0.015,0.015,0.015,0.015,0.015,0.015,0.015,0.015,0.015,0.015,0.015,0.015,0.015,0.015,0.015,0.015
5,1992,0.055,0.241,0.294,0.083,0.017,0.015,0.012,0.016,0.043,0.031,0.031,0.031,0.031,0.031,0.031,0.031,0.031,0.031,0.031,0.031,0.031,0.031,0.031,0.031,0.031,0.031,0.031,0.031,0.031
5,1993,0.059,0.311,0.334,0.134,0.049,0.020,0.014,0.014,0.036,0.027,0.027,0.027,0.027,0.027,0.027,0.027,0.027,0.027,0.027,0.027,0.027,0.027,0.027,0.027,0.027,0.027,0.027,0.027,0.027
5,1994,0.135,0.194,0.162,0.082,0.050,0.011,0.013,0.053,0.070,0.056,0.056,0.056,0.056,0.056,0.056,0.056,0.056,0.056,0.056,0.056,0.056,0.056,0.056,0.056,0.056,0.056,0.056,0.056,0.056
5,1995,0.135,0.162,0.145,0.069,0.016,0.011,0.018,0.028,0.074,0.095,0.095,0.095,0.095,0.095,0.095,0.095,0.095,0.095,0.095,0.095,0.095,0.095,0.095,0.095,0.095,0.095,0.095,0.095,0.095
5,1996,0.195,0.195,0.300,0.229,0.087,0.018,0.004,0.006,0.013,0.060,0.060,0.060,0.060,0.060,0.060,0.060,0.060,0.060,0.060,0.060,0.060,0.060,0.060,0.060,0.060,0.060,0.060,0.060,0.060
5,1997,0.148,0.235,0.229,0.205,0.075,0.009,0.003,0.006,0.012,0.042,0.042,0.042,0.042,0.042,0.042,0.042,0.042,0.042,0.042,0.042,0.042,0.042,0.042,0.042,0.042,0.042,0.042,0.042,0.042
5,1998,0.078,0.212,0.483,0.269,0.095,0.013,0.005,0.009,0.009,0.035,0.035,0.035,0.035,0.035,0.035,0.035,0.035,0.035,0.035,0.035,0.035,0.035,0.035,0.035,0.035,0.035,0.035,0.035,0.035
5,1999,0.202,0.196,0.245,0.330,0.071,0.027,0.010,0.005,0.023,0.025,0.025,0.025,0.025,0.025,0.025,0.025,0.025,0.025,0.025,0.025,0.025,0.025,0.025,0.025,0.025,0.025,0.025,0.025,0.025
5,2000,0.045,0.219,0.150,0.248,0.119,0.032,0.027,0.014,0.018,0.028,0.028,0.028,0.028,0.028,0.028,0.028,0.028,0.028,0.028,0.028,0.028,0.028,0.028,0.028,0.028,0.028,0.028,0.028,0.028
5,2001,0.004,0.256,0.226,0.252,0.065,0.049,0.020,0.019,0.018,0.015,0.015,0.015,0.015,0.015,0.015,0.015,0.015,0.015,0.015,0.015,0.015,0.015,0.015,0.015,0.015,0.015,0.015,0.015,0.015
5,2002,0.013,0.315,0.330,0.188,0.059,0.061,0.056,0.014,0.014,0.028,0.028,0.028,0.028,0.028,0.028,0.028,0.028,0.028,0.028,0.028,0.028,0.028,0.028,0.028,0.028,0.028,0.028,0.028,0.028
5,2003,0.016,0.193,0.184,0.035,0.067,0.022,0.019,0.021,0.032,0.050,0.050,0.050,0.050,0.050,0.050,0.050,0.050,0.050,0.050,0.050,0.050,0.050,0.050,0.050,0.050,0.050,0.050,0.050,0.050
5,2004,0.036,0.116,0.137,0.076,0.042,0.037,0.026,0.025,0.048,0.049,0.049,0.049,0.049,0.049,0.049,0.049,0.049,0.049,0.049,0.049,0.049,0.049,0.049,0.049,0.049,0.049,0.049,0.049,0.049
5,2005,0.061,0.062,0.055,0.050,0.057,0.028,0.018,0.012,0.026,0.049,0.049,0.049,0.049,0.049,0.049,0.049,0.049,0.049,0.049,0.049,0.049,0.049,0.049,0.049,0.049,0.049,0.049,0.049,0.049
5,2006,0.020,0.030,0.068,0.097,0.046,0.041,0.036,0.048,0.058,0.081,0.081,0.081,0.081,0.081,0.081,0.081,0.081,0.081,0.081,0.081,0.081,0.081,0.081,0.081,0.081,0.081,0.081,0.081,0.081
5,2007,0.009,0.073,0.057,0.147,0.231,0.055,0.027,0.022,0.031,0.043,0.043,0.043,0.043,0.043,0.043,0.043,0.043,0.043,0.043,0.043,0.043,0.043,0.043,0.043,0.043,0.043,0.043,0.043,0.043
5,2008,0.002,0.081,0.048,0.070,0.031,0.003,0.003,0.004,0.005,0.006,0.006,0.006,0.006,0.006,0.006,0.006,0.006,0.006,0.006,0.006,0.006,0.006,0.006,0.006,0.006,0.006,0.006,0.006,0.006
5,2009,0.003,0.027,0.019,0.032,0.027,0.021,0.017,0.002,0.004,0.003,0.003,0.003,0.003,0.003,0.003,0.003,0.003,0.003,0.003,0.003,0.003,0.003,0.003,0.003,0.003,0.003,0.003,0.003,0.003
5,2010,0.001,0.030,0.028,0.027,0.043,0.011,0.004,0.001,0.001,0.000,0.000,0.000,0.000,0.000,0.000,0.000,0.000,0.000,0.000,0.000,0.000,0.000,0.000,0.000,0.000,0.000,0.000,0.000,0.000
5,2011,0.000,0.008,0.015,0.023,0.032,0.017,0.006,0.001,0.000,0.001,0.001,0.001,0.001,0.001,0.001,0.001,0.001,0.001,0.001,0.001,0.001,0.001,0.001,0.001,0.001,0.001,0.001,0.001,0.001
5,2012,0.000,0.000,0.013,0.034,0.034,0.006,0.001,0.000,0.000,0.001,0.001,0.001,0.001,0.001,0.001,0.001,0.001,0.001,0.001,0.001,0.001,0.001,0.001,0.001,0.001,0.001,0.001,0.001,0.001
5,2013,0.000,0.014,0.009,0.035,0.049,0.021,0.002,0.001,0.000,0.002,0.002,0.002,0.002,0.002,0.002,0.002,0.002,0.002,0.002,0.002,0.002,0.002,0.002,0.002,0.002,0.002,0.002,0.002,0.002
5,2014,0.000,0.007,0.006,0.032,0.031,0.013,0.002,0.000,0.000,0.001,0.001,0.001,0.001,0.001,0.001,0.001,0.001,0.001,0.001,0.001,0.001,0.001,0.001,0.001,0.001,0.001,0.001,0.001,0.001
5,2015,0.000,0.011,0.007,0.037,0.022,0.002,0.000,0.000,0.000,0.002,0.002,0.002,0.002,0.002,0.002,0.002,0.002,0.002,0.002,0.002,0.002,0.002,0.002,0.002,0.002,0.002,0.002,0.002,0.002
6,1974,0.000,0.000,0.000,0.000,0.000,0.000,0.000,0.000,0.000,0.000,0.000,0.000,0.000,0.000,0.000,0.000,0.000,0.000,0.000,0.000,0.000,0.000,0.000,0.000,0.000,0.000,0.000,0.000,0.000
6,1975,0.000,0.000,0.000,0.000,0.000,0.000,0.000,0.000,0.000,0.000,0.000,0.000,0.000,0.000,0.000,0.000,0.000,0.000,0.000,0.000,0.000,0.000,0.000,0.000,0.000,0.000,0.000,0.000,0.000
6,1976,0.000,0.000,0.000,0.000,0.000,0.000,0.000,0.000,0.000,0.000,0.000,0.000,0.000,0.000,0.000,0.000,0.000,0.000,0.000,0.000,0.000,0.000,0.000,0.000,0.000,0.000,0.000,0.000,0.000
6,1977,0.000,0.000,0.000,0.000,0.000,0.000,0.000,0.000,0.000,0.000,0.000,0.000,0.000,0.000,0.000,0.000,0.000,0.000,0.000,0.000,0.000,0.000,0.000,0.000,0.000,0.000,0.000,0.000,0.000
6,1978,0.000,0.000,0.000,0.000,0.000,0.000,0.000,0.000,0.000,0.000,0.000,0.000,0.000,0.000,0.000,0.000,0.000,0.000,0.000,0.000,0.000,0.000,0.000,0.000,0.000,0.000,0.000,0.000,0.000
6,1979,0.000,0.000,0.000,0.000,0.000,0.000,0.000,0.000,0.000,0.000,0.000,0.000,0.000,0.000,0.000,0.000,0.000,0.000,0.000,0.000,0.000,0.000,0.000,0.000,0.000,0.000,0.000,0.000,0.000
6,1980,0.000,0.000,0.000,0.000,0.000,0.000,0.000,0.000,0.000,0.000,0.000,0.000,0.000,0.000,0.000,0.000,0.000,0.000,0.000,0.000,0.000,0.000,0.000,0.000,0.000,0.000,0.000,0.000,0.000
6,1981,0.000,0.000,0.000,0.000,0.000,0.000,0.000,0.000,0.000,0.000,0.000,0.000,0.000,0.000,0.000,0.000,0.000,0.000,0.000,0.000,0.000,0.000,0.000,0.000,0.000,0.000,0.000,0.000,0.000
6,1982,0.000,0.000,0.000,0.000,0.000,0.000,0.000,0.000,0.000,0.000,0.000,0.000,0.000,0.000,0.000,0.000,0.000,0.000,0.000,0.000,0.000,0.000,0.000,0.000,0.000,0.000,0.000,0.000,0.000
6,1983,0.000,0.000,0.000,0.000,0.000,0.000,0.000,0.000,0.000,0.000,0.000,0.000,0.000,0.000,0.000,0.000,0.000,0.000,0.000,0.000,0.000,0.000,0.000,0.000,0.000,0.000,0.000,0.000,0.000
6,1984,0.000,0.000,0.000,0.000,0.000,0.000,0.000,0.000,0.000,0.000,0.000,0.000,0.000,0.000,0.000,0.000,0.000,0.000,0.000,0.000,0.000,0.000,0.000,0.000,0.000,0.000,0.000,0.000,0.000
6,1985,0.000,0.000,0.000,0.000,0.000,0.000,0.000,0.000,0.000,0.000,0.000,0.000,0.000,0.000,0.000,0.000,0.000,0.000,0.000,0.000,0.000,0.000,0.000,0.000,0.000,0.000,0.000,0.000,0.000
6,1986,0.000,0.000,0.000,0.000,0.000,0.000,0.000,0.000,0.000,0.000,0.000,0.000,0.000,0.000,0.000,0.000,0.000,0.000,0.000,0.000,0.000,0.000,0.000,0.000,0.000,0.000,0.000,0.000,0.000
6,1987,0.000,0.000,0.000,0.000,0.000,0.000,0.000,0.000,0.000,0.000,0.000,0.000,0.000,0.000,0.000,0.000,0.000,0.000,0.000,0.000,0.000,0.000,0.000,0.000,0.000,0.000,0.000,0.000,0.000
6,1988,0.000,0.000,0.000,0.000,0.000,0.000,0.000,0.000,0.000,0.000,0.000,0.000,0.000,0.000,0.000,0.000,0.000,0.000,0.000,0.000,0.000,0.000,0.000,0.000,0.000,0.000,0.000,0.000,0.000
6,1989,0.000,0.000,0.000,0.000,0.000,0.000,0.000,0.000,0.000,0.000,0.000,0.000,0.000,0.000,0.000,0.000,0.000,0.000,0.000,0.000,0.000,0.000,0.000,0.000,0.000,0.000,0.000,0.000,0.000
6,1990,0.000,0.000,0.001,0.007,0.015,0.018,0.016,0.008,0.014,0.004,0.004,0.004,0.004,0.004,0.004,0.004,0.004,0.004,0.004,0.004,0.004,0.004,0.004,0.004,0.004,0.004,0.004,0.004,0.004
6,1991,0.000,0.000,0.020,0.023,0.031,0.023,0.029,0.021,0.025,0.017,0.017,0.017,0.017,0.017,0.017,0.017,0.017,0.017,0.017,0.017,0.017,0.017,0.017,0.017,0.017,0.017,0.017,0.017,0.017
6,1992,0.000,0.000,0.006,0.036,0.041,0.048,0.043,0.033,0.041,0.010,0.010,0.010,0.010,0.010,0.010,0.010,0.010,0.010,0.010,0.010,0.010,0.010,0.010,0.010,0.010,0.010,0.010,0.010,0.010
6,1993,0.000,0.000,0.003,0.018,0.037,0.036,0.091,0.067,0.039,0.005,0.005,0.005,0.005,0.005,0.005,0.005,0.005,0.005,0.005,0.005,0.005,0.005,0.005,0.005,0.005,0.005,0.005,0.005,0.005
6,1994,0.000,0.000,0.003,0.007,0.014,0.021,0.050,0.150,0.118,0.014,0.014,0.014,0.014,0.014,0.014,0.014,0.014,0.014,0.014,0.014,0.014,0.014,0.014,0.014,0.014,0.014,0.014,0.014,0.014
6,1995,0.000,0.000,0.001,0.021,0.058,0.101,0.064,0.076,0.170,0.017,0.017,0.017,0.017,0.017,0.017,0.017,0.017,0.017,0.017,0.017,0.017,0.017,0.017,0.017,0.017,0.017,0.017,0.017,0.017
6,1996,0.000,0.000,0.001,0.005,0.008,0.031,0.047,0.055,0.084,0.051,0.051,0.051,0.051,0.051,0.051,0.051,0.051,0.051,0.051,0.051,0.051,0.051,0.051,0.051,0.051,0.051,0.051,0.051,0.051
6,1997,0.000,0.000,0.000,0.001,0.005,0.027,0.037,0.058,0.069,0.033,0.033,0.033,0.033,0.033,0.033,0.033,0.033,0.033,0.033,0.033,0.033,0.033,0.033,0.033,0.033,0.033,0.033,0.033,0.033
6,1998,0.000,0.000,0.003,0.003,0.029,0.018,0.017,0.042,0.041,0.031,0.031,0.031,0.031,0.031,0.031,0.031,0.031,0.031,0.031,0.031,0.031,0.031,0.031,0.031,0.031,0.031,0.031,0.031,0.031
6,1999,0.000,0.005,0.009,0.046,0.018,0.030,0.045,0.031,0.048,0.025,0.025,0.025,0.025,0.025,0.025,0.025,0.025,0.025,0.025,0.025,0.025,0.025,0.025,0.025,0.025,0.025,0.025,0.025,0.025
6,2000,0.000,0.000,0.000,0.003,0.017,0.031,0.047,0.037,0.068,0.043,0.043,0.043,0.043,0.043,0.043,0.043,0.043,0.043,0.043,0.043,0.043,0.043,0.043,0.043,0.043,0.043,0.043,0.043,0.043
6,2001,0.000,0.000,0.000,0.005,0.043,0.098,0.051,0.045,0.027,0.019,0.019,0.019,0.019,0.019,0.019,0.019,0.019,0.019,0.019,0.019,0.019,0.019,0.019,0.019,0.019,0.019,0.019,0.019,0.019
6,2002,0.000,0.000,0.000,0.002,0.001,0.019,0.029,0.041,0.056,0.025,0.025,0.025,0.025,0.025,0.025,0.025,0.025,0.025,0.025,0.025,0.025,0.025,0.025,0.025,0.025,0.025,0.025,0.025,0.025
6,2003,0.000,0.001,0.006,0.034,0.059,0.041,0.064,0.049,0.040,0.057,0.057,0.057,0.057,0.057,0.057,0.057,0.057,0.057,0.057,0.057,0.057,0.057,0.057,0.057,0.057,0.057,0.057,0.057,0.057
6,2004,0.000,0.001,0.002,0.005,0.010,0.029,0.077,0.088,0.039,0.062,0.062,0.062,0.062,0.062,0.062,0.062,0.062,0.062,0.062,0.062,0.062,0.062,0.062,0.062,0.062,0.062,0.062,0.062,0.062
6,2005,0.000,0.000,0.001,0.005,0.010,0.032,0.065,0.049,0.103,0.075,0.075,0.075,0.075,0.075,0.075,0.075,0.075,0.075,0.075,0.075,0.075,0.075,0.075,0.075,0.075,0.075,0.075,0.075,0.075
6,2006,0.000,0.000,0.001,0.001,0.011,0.011,0.017,0.028,0.029,0.037,0.037,0.037,0.037,0.037,0.037,0.037,0.037,0.037,0.037,0.037,0.037,0.037,0.037,0.037,0.037,0.037,0.037,0.037,0.037
6,2007,0.000,0.000,0.002,0.007,0.034,0.029,0.024,0.035,0.050,0.042,0.042,0.042,0.042,0.042,0.042,0.042,0.042,0.042,0.042,0.042,0.042,0.042,0.042,0.042,0.042,0.042,0.042,0.042,0.042
6,2008,0.000,0.000,0.000,0.003,0.053,0.054,0.036,0.053,0.038,0.013,0.013,0.013,0.013,0.013,0.013,0.013,0.013,0.013,0.013,0.013,0.013,0.013,0.013,0.013,0.013,0.013,0.013,0.013,0.013
6,2009,0.000,0.000,0.000,0.000,0.002,0.044,0.057,0.021,0.034,0.007,0.007,0.007,0.007,0.007,0.007,0.007,0.007,0.007,0.007,0.007,0.007,0.007,0.007,0.007,0.007,0.007,0.007,0.007,0.007
6,2010,0.000,0.000,0.000,0.000,0.000,0.000,0.000,0.000,0.000,0.000,0.000,0.000,0.000,0.000,0.000,0.000,0.000,0.000,0.000,0.000,0.000,0.000,0.000,0.000,0.000,0.000,0.000,0.000,0.000
6,2011,0.000,0.000,0.000,0.000,0.000,0.000,0.000,0.000,0.000,0.000,0.000,0.000,0.000,0.000,0.000,0.000,0.000,0.000,0.000,0.000,0.000,0.000,0.000,0.000,0.000,0.000,0.000,0.000,0.000
6,2012,0.000,0.000,0.000,0.000,0.000,0.000,0.000,0.000,0.000,0.000,0.000,0.000,0.000,0.000,0.000,0.000,0.000,0.000,0.000,0.000,0.000,0.000,0.000,0.000,0.000,0.000,0.000,0.000,0.000
6,2013,0.000,0.000,0.000,0.000,0.000,0.000,0.000,0.000,0.000,0.000,0.000,0.000,0.000,0.000,0.000,0.000,0.000,0.000,0.000,0.000,0.000,0.000,0.000,0.000,0.000,0.000,0.000,0.000,0.000
6,2014,0.000,0.000,0.000,0.000,0.000,0.000,0.000,0.000,0.000,0.000,0.000,0.000,0.000,0.000,0.000,0.000,0.000,0.000,0.000,0.000,0.000,0.000,0.000,0.000,0.000,0.000,0.000,0.000,0.000
6,2015,0.000,0.000,0.000,0.000,0.000,0.000,0.000,0.000,0.000,0.000,0.000,0.000,0.000,0.000,0.000,0.000,0.000,0.000,0.000,0.000,0.000,0.000,0.000,0.000,0.000,0.000,0.000,0.000,0.000
7,1974,0.000,0.000,0.000,0.000,0.000,0.000,0.000,0.000,0.000,0.000,0.000,0.000,0.000,0.000,0.000,0.000,0.000,0.000,0.000,0.000,0.000,0.000,0.000,0.000,0.000,0.000,0.000,0.000,0.000
7,1975,0.000,0.000,0.000,0.000,0.000,0.000,0.000,0.000,0.000,0.000,0.000,0.000,0.000,0.000,0.000,0.000,0.000,0.000,0.000,0.000,0.000,0.000,0.000,0.000,0.000,0.000,0.000,0.000,0.000
7,1976,0.000,0.000,0.000,0.000,0.000,0.000,0.000,0.000,0.000,0.000,0.000,0.000,0.000,0.000,0.000,0.000,0.000,0.000,0.000,0.000,0.000,0.000,0.000,0.000,0.000,0.000,0.000,0.000,0.000
7,1977,0.000,0.000,0.000,0.000,0.000,0.000,0.000,0.000,0.000,0.000,0.000,0.000,0.000,0.000,0.000,0.000,0.000,0.000,0.000,0.000,0.000,0.000,0.000,0.000,0.000,0.000,0.000,0.000,0.000
7,1978,0.000,0.000,0.000,0.000,0.000,0.000,0.000,0.000,0.000,0.000,0.000,0.000,0.000,0.000,0.000,0.000,0.000,0.000,0.000,0.000,0.000,0.000,0.000,0.000,0.000,0.000,0.000,0.000,0.000
7,1979,0.000,0.000,0.000,0.000,0.000,0.000,0.000,0.000,0.000,0.000,0.000,0.000,0.000,0.000,0.000,0.000,0.000,0.000,0.000,0.000,0.000,0.000,0.000,0.000,0.000,0.000,0.000,0.000,0.000
7,1980,0.000,0.000,0.000,0.000,0.000,0.000,0.000,0.000,0.000,0.000,0.000,0.000,0.000,0.000,0.000,0.000,0.000,0.000,0.000,0.000,0.000,0.000,0.000,0.000,0.000,0.000,0.000,0.000,0.000
7,1981,0.000,0.000,0.000,0.000,0.007,0.013,0.026,0.039,0.026,0.009,0.009,0.009,0.009,0.009,0.009,0.009,0.009,0.009,0.009,0.009,0.009,0.009,0.009,0.009,0.009,0.009,0.009,0.009,0.009
7,1982,0.000,0.000,0.000,0.000,0.004,0.008,0.016,0.023,0.038,0.015,0.015,0.015,0.015,0.015,0.015,0.015,0.015,0.015,0.015,0.015,0.015,0.015,0.015,0.015,0.015,0.015,0.015,0.015,0.015
7,1983,0.000,0.000,0.000,0.000,0.000,0.001,0.002,0.006,0.014,0.014,0.014,0.014,0.014,0.014,0.014,0.014,0.014,0.014,0.014,0.014,0.014,0.014,0.014,0.014,0.014,0.014,0.014,0.014,0.014
7,1984,0.000,0.000,0.000,0.001,0.011,0.026,0.055,0.048,0.036,0.023,0.023,0.023,0.023,0.023,0.023,0.023,0.023,0.023,0.023,0.023,0.023,0.023,0.023,0.023,0.023,0.023,0.023,0.023,0.023
7,1985,0.000,0.000,0.000,0.000,0.006,0.019,0.015,0.035,0.039,0.020,0.020,0.020,0.020,0.020,0.020,0.020,0.020,0.020,0.020,0.020,0.020,0.020,0.020,0.020,0.020,0.020,0.020,0.020,0.020
7,1986,0.000,0.000,0.000,0.000,0.000,0.007,0.023,0.017,0.031,0.019,0.019,0.019,0.019,0.019,0.019,0.019,0.019,0.019,0.019,0.019,0.019,0.019,0.019,0.019,0.019,0.019,0.019,0.019,0.019
7,1987,0.000,0.000,0.000,0.000,0.000,0.003,0.015,0.016,0.026,0.018,0.018,0.018,0.018,0.018,0.018,0.018,0.018,0.018,0.018,0.018,0.018,0.018,0.018,0.018,0.018,0.018,0.018,0.018,0.018
7,1988,0.000,0.000,0.003,0.004,0.005,0.024,0.032,0.045,0.039,0.030,0.030,0.030,0.030,0.030,0.030,0.030,0.030,0.030,0.030,0.030,0.030,0.030,0.030,0.030,0.030,0.030,0.030,0.030,0.030
7,1989,0.001,0.000,0.000,0.001,0.033,0.031,0.042,0.058,0.053,0.025,0.025,0.025,0.025,0.025,0.025,0.025,0.025,0.025,0.025,0.025,0.025,0.025,0.025,0.025,0.025,0.025,0.025,0.025,0.025
7,1990,0.003,0.000,0.000,0.004,0.016,0.028,0.045,0.047,0.056,0.031,0.031,0.031,0.031,0.031,0.031,0.031,0.031,0.031,0.031,0.031,0.031,0.031,0.031,0.031,0.031,0.031,0.031,0.031,0.031
7,1991,0.000,0.000,0.000,0.007,0.146,0.057,0.029,0.034,0.036,0.023,0.023,0.023,0.023,0.023,0.023,0.023,0.023,0.023,0.023,0.023,0.023,0.023,0.023,0.023,0.023,0.023,0.023,0.023,0.023
7,1992,0.000,0.000,0.000,0.001,0.009,0.034,0.056,0.038,0.030,0.017,0.017,0.017,0.017,0.017,0.017,0.017,0.017,0.017,0.017,0.017,0.017,0.017,0.017,0.017,0.017,0.017,0.017,0.017,0.017
7,1993,0.000,0.000,0.000,0.001,0.003,0.004,0.016,0.021,0.027,0.020,0.020,0.020,0.020,0.020,0.020,0.020,0.020,0.020,0.020,0.020,0.020,0.020,0.020,0.020,0.020,0.020,0.020,0.020,0.020
7,1994,0.006,0.000,0.000,0.001,0.023,0.056,0.051,0.074,0.076,0.063,0.063,0.063,0.063,0.063,0.063,0.063,0.063,0.063,0.063,0.063,0.063,0.063,0.063,0.063,0.063,0.063,0.063,0.063,0.063
7,1995,0.000,0.000,0.000,0.003,0.008,0.006,0.004,0.008,0.060,0.041,0.041,0.041,0.041,0.041,0.041,0.041,0.041,0.041,0.041,0.041,0.041,0.041,0.041,0.041,0.041,0.041,0.041,0.041,0.041
7,1996,0.000,0.000,0.000,0.001,0.003,0.006,0.004,0.004,0.014,0.058,0.058,0.058,0.058,0.058,0.058,0.058,0.058,0.058,0.058,0.058,0.058,0.058,0.058,0.058,0.058,0.058,0.058,0.058,0.058
7,1997,0.000,0.000,0.000,0.004,0.017,0.037,0.022,0.036,0.041,0.111,0.111,0.111,0.111,0.111,0.111,0.111,0.111,0.111,0.111,0.111,0.111,0.111,0.111,0.111,0.111,0.111,0.111,0.111,0.111
7,1998,0.000,0.000,0.000,0.003,0.053,0.015,0.010,0.031,0.038,0.066,0.066,0.066,0.066,0.066,0.066,0.066,0.066,0.066,0.066,0.066,0.066,0.066,0.066,0.066,0.066,0.066,0.066,0.066,0.066
7,1999,0.000,0.000,0.000,0.001,0.001,0.007,0.009,0.013,0.035,0.111,0.111,0.111,0.111,0.111,0.111,0.111,0.111,0.111,0.111,0.111,0.111,0.111,0.111,0.111,0.111,0.111,0.111,0.111,0.111
7,2000,0.000,0.000,0.000,0.001,0.007,0.004,0.019,0.019,0.038,0.117,0.117,0.117,0.117,0.117,0.117,0.117,0.117,0.117,0.117,0.117,0.117,0.117,0.117,0.117,0.117,0.117,0.117,0.117,0.117
7,2001,0.000,0.000,0.000,0.009,0.007,0.010,0.012,0.031,0.053,0.114,0.114,0.114,0.114,0.114,0.114,0.114,0.114,0.114,0.114,0.114,0.114,0.114,0.114,0.114,0.114,0.114,0.114,0.114,0.114
7,2002,0.000,0.000,0.000,0.000,0.002,0.016,0.014,0.014,0.027,0.093,0.093,0.093,0.093,0.093,0.093,0.093,0.093,0.093,0.093,0.093,0.093,0.093,0.093,0.093,0.093,0.093,0.093,0.093,0.093
7,2003,0.000,0.000,0.000,0.000,0.009,0.011,0.023,0.034,0.044,0.069,0.069,0.069,0.069,0.069,0.069,0.069,0.069,0.069,0.069,0.069,0.069,0.069,0.069,0.069,0.069,0.069,0.069,0.069,0.069
7,2004,0.000,0.000,0.000,0.000,0.001,0.006,0.005,0.016,0.050,0.095,0.095,0.095,0.095,0.095,0.095,0.095,0.095,0.095,0.095,0.095,0.095,0.095,0.095,0.095,0.095,0.095,0.095,0.095,0.095
7,2005,0.000,0.000,0.000,0.000,0.001,0.010,0.018,0.024,0.039,0.132,0.132,0.132,0.132,0.132,0.132,0.132,0.132,0.132,0.132,0.132,0.132,0.132,0.132,0.132,0.132,0.132,0.132,0.132,0.132
7,2006,0.000,0.000,0.000,0.002,0.015,0.071,0.046,0.079,0.072,0.124,0.124,0.124,0.124,0.124,0.124,0.124,0.124,0.124,0.124,0.124,0.124,0.124,0.124,0.124,0.124,0.124,0.124,0.124,0.124
7,2007,0.000,0.000,0.000,0.002,0.023,0.078,0.077,0.061,0.074,0.148,0.148,0.148,0.148,0.148,0.148,0.148,0.148,0.148,0.148,0.148,0.148,0.148,0.148,0.148,0.148,0.148,0.148,0.148,0.148
7,2008,0.000,0.000,0.000,0.000,0.001,0.004,0.002,0.012,0.030,0.055,0.055,0.055,0.055,0.055,0.055,0.055,0.055,0.055,0.055,0.055,0.055,0.055,0.055,0.055,0.055,0.055,0.055,0.055,0.055
7,2009,0.000,0.000,0.000,0.000,0.005,0.004,0.010,0.009,0.023,0.051,0.051,0.051,0.051,0.051,0.051,0.051,0.051,0.051,0.051,0.051,0.051,0.051,0.051,0.051,0.051,0.051,0.051,0.051,0.051
7,2010,0.000,0.000,0.000,0.000,0.002,0.010,0.005,0.007,0.017,0.019,0.019,0.019,0.019,0.019,0.019,0.019,0.019,0.019,0.019,0.019,0.019,0.019,0.019,0.019,0.019,0.019,0.019,0.019,0.019
7,2011,0.000,0.000,0.000,0.000,0.000,0.001,0.002,0.001,0.004,0.023,0.023,0.023,0.023,0.023,0.023,0.023,0.023,0.023,0.023,0.023,0.023,0.023,0.023,0.023,0.023,0.023,0.023,0.023,0.023
7,2012,0.000,0.000,0.000,0.000,0.000,0.002,0.002,0.002,0.003,0.017,0.017,0.017,0.017,0.017,0.017,0.017,0.017,0.017,0.017,0.017,0.017,0.017,0.017,0.017,0.017,0.017,0.017,0.017,0.017
7,2013,0.000,0.000,0.000,0.000,0.000,0.003,0.006,0.003,0.006,0.016,0.016,0.016,0.016,0.016,0.016,0.016,0.016,0.016,0.016,0.016,0.016,0.016,0.016,0.016,0.016,0.016,0.016,0.016,0.016
7,2014,0.000,0.000,0.000,0.000,0.000,0.001,0.002,0.001,0.003,0.017,0.017,0.017,0.017,0.017,0.017,0.017,0.017,0.017,0.017,0.017,0.017,0.017,0.017,0.017,0.017,0.017,0.017,0.017,0.017
7,2015,0.000,0.000,0.000,0.001,0.003,0.007,0.003,0.002,0.002,0.017,0.017,0.017,0.017,0.017,0.017,0.017,0.017,0.017,0.017,0.017,0.017,0.017,0.017,0.017,0.017,0.017,0.017,0.017,0.017
